id,text,created_at,retweet_count,reply_count,like_count,quote_count
1910106497960255621,@AlliJB1 Have you tried a Tesla yet?,2025-04-09 23:04:11+00:00,0,0,1,0
1910106481275388157,"@DonaldJTrumpJr Instead of protesting  and  destroying Tesla's vehicles and companies , they should educate themselves , learning from great scholars . It's free on YouTube. Mark Levin is another great scholar",2025-04-09 23:04:07+00:00,0,0,0,0
1910106472383398202,@Acyn How about Tesla Shanghai? https://t.co/TmO2FYYKyY,2025-04-09 23:04:05+00:00,0,0,0,0
1910106468877263255,"@ELonMuskNewssX Yes, we all want a Tesla phone",2025-04-09 23:04:04+00:00,0,0,0,0
1910106468507852841,convos with Tesla The Living Tombstone https://t.co/Y6hiEkWf3t,2025-04-09 23:04:04+00:00,0,0,0,0
1910106458936459593,"@GavinNewsom Lie
70 countries ready to deal.
Go key a Tesla https://t.co/H3HDWi4lKU",2025-04-09 23:04:02+00:00,0,0,0,0
1910106452259185015,"üö® JUST IN: Ripple triumphs over the SEC! üöÄ #XRP Airdrop Campaign is officially underway!

1Ô∏è‚É£ More information: https://t.co/ORYJAfJ3yO

üë• Invited users: @LaurentLortye @kidd_tesla @JakeOlasiman @bd2194547 @ABo0oDS @JesusGey @crypto_6c @Madguy133",2025-04-09 23:04:00+00:00,0,0,0,0
1910106448543068489,Me and my buddy Jim Worthington at the White House today! The Presidential Tesla looks great! https://t.co/OOZ2eso0zT,2025-04-09 23:04:00+00:00,0,0,1,0
1910106426816471261,@SenWarren I think you are being investigated into what they found with DOGE..  like buying Tesla as you push stock  price down with BS.. reminder when you love him. it all changed when he bought Twitter and decided to work with Trump. Is it evil or just fickle Dems .,2025-04-09 23:03:54+00:00,0,0,0,0
1910106417773638008,@krassenstein @Christos_Vet How are the burning f****** teslas work the throwing f****** Molotov cocktails through f****** Tesla dealers Windows did that f****** work that's what you f****** support you left this f****** scumbag. You don't even smart enough to f****** understand what he's doing with China,2025-04-09 23:03:52+00:00,0,0,0,0
1910106399448670407,@ClownWorld_ Tie them up and drag them behind a Tesla truck,2025-04-09 23:03:48+00:00,0,0,0,0
1910106395753533584,"üî•‚ÄúTesla takes you to special places‚Äîthrills galore! üöóüì∑ Tesla‚Äôs a car and robot in one‚Äîsoon it‚Äôll talk! Get one, or lose your wife!  Elon &amp; Tesla are awesome! #Tesla #SunnyBoy Video by‚Äîfirst FSD ad! üì∑‚Äù https://t.co/4KUhatGV4O",2025-04-09 23:03:47+00:00,0,0,0,0
1910106381853532245,I'm showing my support for Tesla Owners &amp; Telsa Dealerships. ‚ô•Ô∏è https://t.co/GIUVGTf5hE,2025-04-09 23:03:44+00:00,0,0,0,0
1910106375771865258,"@joeroganhq @elonmusk @TaraBull808 Defacing a Tesla vehicle receive a year in jail. Firebombing a dealership or firing rounds off in a dealership receive 5 years in prison.  This IS domestic terrorism and saying ""I'm sorry"" is not good enough. If Elon backs down now, they win. Crazy doesn't win on my watch.",2025-04-09 23:03:42+00:00,0,0,0,0
1910106371543941229,"@GrageDustin I own Tesla stock so would like to inform you still down 34% from 3 months ago. It did recover from the losses last week(clown's tariffcrap) but that's it.

Most in EU,Canada+China+US lefties won't touch its products for awhile. I stick with it out of sentimentality only.",2025-04-09 23:03:41+00:00,0,0,1,0
1910106346458165729,@mahirintheblock @mv1_Davis @elonmusk @MavrykNetwork mavryknetwork fake tesla token smells like anon vcs,2025-04-09 23:03:35+00:00,0,0,0,0
1910106339038163378,@elonmusk You should try letting go temporarily of being CEO of Tesla and see what happens.,2025-04-09 23:03:33+00:00,0,0,0,0
1910106333090639899,@elonmusk It was nice to see the positive reaction for Tesla stock today. Finally got my other phone working.,2025-04-09 23:03:32+00:00,0,0,1,0
1910106307165561170,@TeslaKing420 The Tesla is a well built machine üí™,2025-04-09 23:03:26+00:00,0,0,1,0
1910106297585828190,"@TrumpsHurricane Used to be a Tesla, or Prius",2025-04-09 23:03:24+00:00,0,0,0,0
1910106293055987922,"@FredricJBidubda CONGRATULATIONS!üéâ We are happy to inform you that you have been randomly selected via your comment, to win a sum of $50,000 and a brand new Tesla car. Kindly send us a message and you might be lucky to get a response",2025-04-09 23:03:22+00:00,0,0,0,0
1910106287506862108,@Tesla___fan Awesome capture!,2025-04-09 23:03:21+00:00,0,0,0,0
1910106269488230765,"@IsaiahLCarter I was in the South Bronx all day and I couldn‚Äôt find one person that believes in Global Warming or gave a shit about the stock market. 

Actually 2 guys who live down on 138th were telling me to check out Pelosi picks he was bought a few shares of Tesla before the announcement.",2025-04-09 23:03:17+00:00,0,0,0,0
1910106253906362729,"It is so staged, and so pathetic!!! Only Democrats could come up with such a stupidly destructive idea! I feel sorry for Tesla owners, and everyone involved with Tesla. The targeted protesting and violence is misguided and shows how completely ignorant people can be!!!! https://t.co/tZiilVJrWY",2025-04-09 23:03:13+00:00,0,0,1,0
1910106234289848828,"@DOGE IRS login‚Äôs a mess till July? Tesla‚Äôs worse‚ÄîPalo Alto ignored my malware fix, no line to Elon or team. Grok‚Äôs mute, X‚Äôs vulnerable. No human review, risks pile up. Email or no‚Äîgive us a way soon!""""
@DOGE",2025-04-09 23:03:08+00:00,1,0,1,0
